KATEGORI;NAMN;ADRESS;HEMSIDA;Kategori webb;Exportdatum;geo_shape;geo_point_2d
Butiker;Borgmans Fisk Eftr;Kopparmöllegatan 17;http://www.borgmansfisk.net/;Butiker;2020-07-16;"{""type"": ""Point"", ""coordinates"": [12.697555275504326, 56.053461630434576]}";56.0534616304,12.6975552755
Butiker;Polshop;Södergatan 16;http://www.polshop.se/;Butiker;2020-07-16;"{""type"": ""Point"", ""coordinates"": [12.701065141633059, 56.04210446984029]}";56.0421044698,12.7010651416
Butiker;Saras Karameller;Södra Storgatan 26;;Butiker;2020-07-16;"{""type"": ""Point"", ""coordinates"": [12.69988316539802, 56.044508752565136]}";56.0445087526,12.6998831654
Butiker;Tonys Candy;;;Butiker;2020-07-16;"{""type"": ""Point"", ""coordinates"": [12.685365282620126, 56.04233527402552]}";56.042335274,12.6853652826
Butiker;Örebrokiosken;Örebrogatan 32;;Butiker;2020-07-16;"{""type"": ""Point"", ""coordinates"": [12.72124069536007, 56.044619336666074]}";56.0446193367,12.7212406954
Caféer;American Spin Cream;Marknadsvägen 9;https://www.americanspincream.se/vala.php;Caféer;2020-07-16;"{""type"": ""Point"", ""coordinates"": [12.75681637540675, 56.09205529999136]}";56.0920553,12.7568163754
Caféer;Bagelshopen;Drottninggatan 11;http://www.bagelshopen.se/;Caféer;2020-07-16;"{""type"": ""Point"", ""coordinates"": [12.69124574663357, 56.047428182573114]}";56.0474281826,12.6912457466
Caféer;Berga Utbildning;Sabelgatan 8;http://www.rsnv.se/utbildningar/;Caféer;2020-07-16;"{""type"": ""Point"", ""coordinates"": [12.731624573939614, 56.083813638713266]}";56.0838136387,12.7316245739
Caféer;Café Birka / Rönnowska Skolan;Bredgatan 22;https://ronnowskaskolan.helsingborg.se/;Caféer;2020-07-16;"{""type"": ""Point"", ""coordinates"": [12.70093719057766, 56.03345137448499]}";56.0334513745,12.7009371906
Caféer;Fitness Kitchen/ Studio Aktiverum;Södra Tvärgången 3;;Caféer;2020-07-16;"{""type"": ""Point"", ""coordinates"": [12.70896304597633, 56.06510736554483]}";56.0651073655,12.708963046
Caféer;Fleninge Församlingshem;Magnerupsvägen 15;;Caféer;2020-07-16;"{""type"": ""Point"", ""coordinates"": [12.789174815077741, 56.11181118229696]}";56.1118111823,12.7891748151
Caféer;FNF Athletic Center;Ängelholmsvägen 27;;Caféer;2020-07-16;"{""type"": ""Point"", ""coordinates"": [12.706356642177592, 56.06083838584586]}";56.0608383858,12.7063566422
Caféer;Kullavägens Bk;Rundgången 15;https://www.svenskalag.se/kullavagensbk;Caféer;2020-07-16;"{""type"": ""Point"", ""coordinates"": [12.711653714491947, 56.06583355760095]}";56.0658335576,12.7116537145
Caféer;Svensgårds församlingshem;Björkavägen 36;;Caféer;2020-07-16;"{""type"": ""Point"", ""coordinates"": [12.755075665072079, 56.101654741719585]}";56.1016547417,12.7550756651
Caféer;Södra Strandkiosken Fria Bad;Gröningen Norra 21;;Caféer;2020-07-16;"{""type"": ""Point"", ""coordinates"": [12.681725401033313, 56.05686433744307]}";56.0568643374,12.681725401
Caféer;Tåga Glass / Sia Glass Tågagatan;Tågagatan 2;;Caféer;2020-07-16;"{""type"": ""Point"", ""coordinates"": [12.686154153386907, 56.05199043261613]}";56.0519904326,12.6861541534
Personalrestauranger;Café Carizma Berga Allé;Berga Allé 25;;Personalrestauranger;2020-07-16;"{""type"": ""Point"", ""coordinates"": [12.712354851375231, 56.06387921485268]}";56.0638792149,12.7123548514
Personalrestauranger;Ica Personalrestaurang Fazer Amica;Långebergavägen 100;;Personalrestauranger;2020-07-16;"{""type"": ""Point"", ""coordinates"": [12.783078191212029, 56.03805984635771]}";56.0380598464,12.7830781912
Restauranger;Australiska Festservicen;Flogatan 12;http://www.australiska.se/;Restauranger;2020-07-16;"{""type"": ""Point"", ""coordinates"": [12.702664458858466, 56.06773041852308]}";56.0677304185,12.7026644589
Restauranger;Diné Burgers;Södra Kyrkogatan 12A;;Restauranger;2020-07-16;"{""type"": ""Point"", ""coordinates"": [12.696187783014317, 56.045899197718704]}";56.0458991977,12.696187783
Restauranger;Ett Litet Makeri;Kungsgatan 12;http://ettlitetmakeri.se;Restauranger;2020-07-16;"{""type"": ""Point"", ""coordinates"": [12.690186527636968, 56.047238343644445]}";56.0472383436,12.6901865276
Restauranger;Fonduerestaurang Oasen;Bruksgatan 25;https://oasenfondue.blog/;Restauranger;2020-07-16;"{""type"": ""Point"", ""coordinates"": [12.697183064236134, 56.04417798205042]}";56.0441779821,12.6971830642
Restauranger;Grekiska Kolgrillsbaren;Marknadsvägen 9;;Restauranger;2020-07-16;"{""type"": ""Point"", ""coordinates"": [12.75681637540675, 56.09205529999136]}";56.0920553,12.7568163754
Restauranger;Husensjö Förskola;Billingegatan 24;https://husensjoforskola.helsingborg.se/;Restauranger;2020-07-16;"{""type"": ""Point"", ""coordinates"": [12.724178257156023, 56.04963276300902]}";56.049632763,12.7241782572
Restauranger;Jacob Hansens Hus;Hästmöllegränden 5;http://jacobhansenshus.se/;Restauranger;2020-07-16;"{""type"": ""Point"", ""coordinates"": [12.69335298153268, 56.04834543516415]}";56.0483454352,12.6933529815
Restauranger;K-gränd;Kolmätaregränden 7;http://www.kgrand.se/;Restauranger;2020-07-16;"{""type"": ""Point"", ""coordinates"": [12.692998435729912, 56.047445790981115]}";56.047445791,12.6929984357
Restauranger;Miatorps Pizzeria Och Restaurang;Planteringsvägen 111;http://www.miatorpspizzeria.se/;Restauranger;2020-07-16;"{""type"": ""Point"", ""coordinates"": [12.721279389628227, 56.01861565775048]}";56.0186156578,12.7212793896
Restauranger;Namjai Thai;Furutorpsgatan 67;http://www.namjaithai.se/;Restauranger;2020-07-16;"{""type"": ""Point"", ""coordinates"": [12.713038371663293, 56.03943136673121]}";56.0394313667,12.7130383717
Restauranger;Nancys;Marknadsvägen 9;https://nancys.nu/;Restauranger;2020-07-16;"{""type"": ""Point"", ""coordinates"": [12.75681637540675, 56.09205529999136]}";56.0920553,12.7568163754
Restauranger;Nihon Sushi;Badhusgatan 6;http://nihonsushi.se/;Restauranger;2020-07-16;"{""type"": ""Point"", ""coordinates"": [12.691578553923883, 56.04681770913024]}";56.0468177091,12.6915785539
Restauranger;Pub Ro;Båthusgatan 11;https://www.pubro.se/;Restauranger;2020-07-16;"{""type"": ""Point"", ""coordinates"": [12.684804667839543, 56.05067696425903]}";56.0506769643,12.6848046678
Restauranger;Ramlösa Pizzeria;Södra Brunnsvägen 72;http://www.ramlosapizzeria.n.nu/;Restauranger;2020-07-16;"{""type"": ""Point"", ""coordinates"": [12.751494786541477, 56.01991945515002]}";56.0199194552,12.7514947865
Restauranger;Restaurang Smak Lunch & Catering;Florettgatan 24;http://www.smakihbg.se/;Restauranger;2020-07-16;"{""type"": ""Point"", ""coordinates"": [12.72905290933542, 56.07657573204247]}";56.076575732,12.7290529093
Restauranger;Restaurang Tegel;Ytterövägen 167;https://www.restaurangtegel.se/;Restauranger;2020-07-16;"{""type"": ""Point"", ""coordinates"": [12.75888835339698, 55.96849525687822]}";55.9684952569,12.7588883534
Restauranger;Roys Mat & Bar;Kajpromenaden 21;https://www.roysmatobar.se/;Restauranger;2020-07-16;"{""type"": ""Point"", ""coordinates"": [12.685559278449128, 56.05069003896072]}";56.050690039,12.6855592784
Restauranger;Röda Kvarn;Karlsgatan 7;https://www.biorodakvarn.se/#/content/89;Restauranger;2020-07-16;"{""type"": ""Point"", ""coordinates"": [12.69786975192598, 56.045219833155514]}";56.0452198332,12.6978697519
Restauranger;Sköldenborgs Träffpunkt;Hebsackersgatan 6;;Restauranger;2020-07-16;"{""type"": ""Point"", ""coordinates"": [12.7019886731197, 56.0508693743482]}";56.0508693743,12.7019886731
Restauranger;Sugoi Sushi;Marknadsvägen 9;https://vala.sugoirestauranger.se/;Restauranger;2020-07-16;"{""type"": ""Point"", ""coordinates"": [12.75681637540675, 56.09205529999136]}";56.0920553,12.7568163754
Restauranger;Thai Corner Restaurang;Bruksgatan 34;;Restauranger;2020-07-16;"{""type"": ""Point"", ""coordinates"": [12.697039384510324, 56.04407910268423]}";56.0440791027,12.6970393845
Restauranger;Trattoria Ridibecco;Rydebäcks Stationsgata 51;http://www.ridibecco.se/;Restauranger;2020-07-16;"{""type"": ""Point"", ""coordinates"": [12.782233691554273, 55.96625986277504]}";55.9662598628,12.7822336916
Restauranger;Viking Bar;Gasverksgatan 13;http://www.vikingbar.se/;Restauranger;2020-07-16;"{""type"": ""Point"", ""coordinates"": [12.700310563968026, 56.04100307015375]}";56.0410030702,12.700310564
Restauranger;Åliven;Kullavägen 57;https://xn--liven-lra.se/;Restauranger;2020-07-16;"{""type"": ""Point"", ""coordinates"": [12.706192190621296, 56.06679372441035]}";56.0667937244,12.7061921906
Skolrestauranger;Akvarellens Förskola;Svanhalsgatan 27;http://akvarellensforskola.se/;Skol- och förskolekök;2020-07-16;"{""type"": ""Point"", ""coordinates"": [12.732793590136811, 56.023177432175615]}";56.0231774322,12.7327935901
Skolrestauranger;Allergiförskolan Svalan;Billingegatan 20;https://svalansforskola.helsingborg.se/;Skol- och förskolekök;2020-07-16;"{""type"": ""Point"", ""coordinates"": [12.723317193910994, 56.050245675332185]}";56.0502456753,12.7233171939
Skolrestauranger;Allerums Förskola;Jonstorpsvägen 224;https://allerumsforskola.helsingborg.se/;Skol- och förskolekök;2020-07-16;"{""type"": ""Point"", ""coordinates"": [12.694514865673172, 56.111923408946026]}";56.1119234089,12.6945148657
Skolrestauranger;Allerums Skola Och Fritids;Jonstorpsvägen 224;https://allerumsskola.helsingborg.se/;Skol- och förskolekök;2020-07-16;"{""type"": ""Point"", ""coordinates"": [12.694514865673172, 56.111923408946026]}";56.1119234089,12.6945148657
Skolrestauranger;Annes Familjedaghem;Kaprifolgatan 41;;Skol- och förskolekök;2020-07-16;"{""type"": ""Point"", ""coordinates"": [12.79716313757028, 56.01135231959857]}";56.0113523196,12.7971631376
Skolrestauranger;Brommagatans Förskola Brommagatan;Brommagatan 24;https://brommagatansforskola.helsingborg.se/;Skol- och förskolekök;2020-07-16;"{""type"": ""Point"", ""coordinates"": [12.692184041785334, 56.05564847799725]}";56.055648478,12.6921840418
Skolrestauranger;Brunnsalléns Förskola;Brunnsallén 263;https://brunnsallensforskola.helsingborg.se/;Skol- och förskolekök;2020-07-16;"{""type"": ""Point"", ""coordinates"": [12.742867074528185, 56.02204101818417]}";56.0220410182,12.7428670745
Skolrestauranger;Brunnsberga Förskola;Gustavslundsvägen 6;https://brunnsbergaforskola.helsingborg.se/;Skol- och förskolekök;2020-07-16;"{""type"": ""Point"", ""coordinates"": [12.74153212442224, 56.03038816441285]}";56.0303881644,12.7415321244
Skolrestauranger;Curious Kids Preschool;Larmvägen 31;https://curiouskidspreschool.helsingborg.se/;Skol- och förskolekök;2020-07-16;"{""type"": ""Point"", ""coordinates"": [12.722158909225323, 56.0575171536921]}";56.0575171537,12.7221589092
Skolrestauranger;Dalhems Centrum Skolrestaurang, Hbg-hem;Dalhemsvägen 71;;Skol- och förskolekök;2020-07-16;"{""type"": ""Point"", ""coordinates"": [12.736024133124202, 56.06825858752475]}";56.0682585875,12.7360241331
Skolrestauranger;Fantasia Förskola Fredriksdal;Larmvägen 31;http://fantasiaforskola.se/;Skol- och förskolekök;2020-07-16;"{""type"": ""Point"", ""coordinates"": [12.722158909225323, 56.0575171536921]}";56.0575171537,12.7221589092
Skolrestauranger;Filbornaskolan 1456;Filbornavägen 101A;https://filbornaskolan.helsingborg.se/;Skol- och förskolekök;2020-07-16;"{""type"": ""Point"", ""coordinates"": [12.73218675448558, 56.0552413038594]}";56.0552413039,12.7321867545
Skolrestauranger;Fleninge Förskola;Magnerupsvägen 24;http://fleningeforskola.com/;Skol- och förskolekök;2020-07-16;"{""type"": ""Point"", ""coordinates"": [12.789874126969348, 56.11103456410672]}";56.1110345641,12.789874127
Skolrestauranger;Flohems Förskola;Björktrastgatan 5;https://flohemforskola.helsingborg.se/;Skol- och förskolekök;2020-07-16;"{""type"": ""Point"", ""coordinates"": [12.694036974235388, 56.08452866370076]}";56.0845286637,12.6940369742
Skolrestauranger;Föräldrakooperativet Fortuna Förskola;Utögatan 2;http://fortunaforskola.se/;Skol- och förskolekök;2020-07-16;"{""type"": ""Point"", ""coordinates"": [12.764371370851137, 55.96239123387722]}";55.9623912339,12.7643713709
Skolrestauranger;Gräshoppans Förskola;Södra Stenbocksgatan 128;https://grashoppansforskola.helsingborg.se/;Skol- och förskolekök;2020-07-16;"{""type"": ""Point"", ""coordinates"": [12.711269906268962, 56.04023932402284]}";56.040239324,12.7112699063
Skolrestauranger;Hamiltons Förskola;Drottninggatan 136A;https://hamiltonsforskola.helsingborg.se/;Skol- och förskolekök;2020-07-16;"{""type"": ""Point"", ""coordinates"": [12.68447522094044, 56.05614988984962]}";56.0561498898,12.6844752209
Skolrestauranger;Hustomtens Förskola Gustavslund Solhuset;Markegångsgatan 108;;Skol- och förskolekök;2020-07-16;"{""type"": ""Point"", ""coordinates"": [12.748132807853736, 56.0333653135394]}";56.0333653135,12.7481328079
Skolrestauranger;Högastensskolan;Elektrogatan 1A;https://hogastensskolan.helsingborg.se/;Skol- och förskolekök;2020-07-16;"{""type"": ""Point"", ""coordinates"": [12.73047213251909, 56.009183011669904]}";56.0091830117,12.7304721325
Skolrestauranger;Internationella Skolan;Östra Vallgatan 9;https://helsingborg.engelska.se/;Skol- och förskolekök;2020-07-16;"{""type"": ""Point"", ""coordinates"": [12.702304822683805, 56.047956438285134]}";56.0479564383,12.7023048227
Skolrestauranger;Larödhus Förskola, Ab Ridvägen;Ridvägen 27;http://www.larodhusforskola.se/;Skol- och förskolekök;2020-07-16;"{""type"": ""Point"", ""coordinates"": [12.657468997505438, 56.09654548987272]}";56.0965454899,12.6574689975
Skolrestauranger;Maria Parkskolan Östra;Östra Allén 8;https://mariaparkskolan.helsingborg.se/;Skol- och förskolekök;2020-07-16;"{""type"": ""Point"", ""coordinates"": [12.686780432867053, 56.08059417395688]}";56.080594174,12.6867804329
Skolrestauranger;Maria Ro Förskola;Ormvråksgatan 67;https://www.pysslingen.se/mariaro/;Skol- och förskolekök;2020-07-16;"{""type"": ""Point"", ""coordinates"": [12.699061912185126, 56.08608352895594]}";56.086083529,12.6990619122
Skolrestauranger;Montessoriförskolan Fröhuset;Jönköpingsgatan 66;http://frohuset.com/;Skol- och förskolekök;2020-07-16;"{""type"": ""Point"", ""coordinates"": [12.723120895707018, 56.04161466447116]}";56.0416146645,12.7231208957
Skolrestauranger;Privat Barnomsorg Ab;Tjärögatan 17;http://www.privatbarnomsorg.se/;Skol- och förskolekök;2020-07-16;"{""type"": ""Point"", ""coordinates"": [12.771750363891957, 55.95912977643771]}";55.9591297764,12.7717503639
Skolrestauranger;Pålsjö Östra Förskola;Christer Boijes Väg 36;https://palsjoostraforskola.helsingborg.se/;Skol- och förskolekök;2020-07-16;"{""type"": ""Point"", ""coordinates"": [12.697646728508463, 56.07116611636143]}";56.0711661164,12.6976467285
Skolrestauranger;Raus Förskola Pysslingen;Sigurd Rings Gata 59;https://www.pysslingen.se/raus/;Skol- och förskolekök;2020-07-16;"{""type"": ""Point"", ""coordinates"": [12.755564089879135, 56.00233197950657]}";56.0023319795,12.7555640899
Skolrestauranger;Resursskolan Maria Park;Engelska Gången 16;https://resursskolan.helsingborg.se/;Skol- och förskolekök;2020-07-16;"{""type"": ""Point"", ""coordinates"": [12.689516779597463, 56.08122051572076]}";56.0812205157,12.6895167796
Skolrestauranger;Ringstorpsparkens Förskola;Grenadjärgatan 13;https://ringstorpsparkensforskola.helsingborg.se/;Skol- och förskolekök;2020-07-16;"{""type"": ""Point"", ""coordinates"": [12.706500635805975, 56.06288026877077]}";56.0628802688,12.7065006358
Skolrestauranger;Råå Södra Skola;Kustgatan 1;https://raasodraskola.helsingborg.se/;Skol- och förskolekök;2020-07-16;"{""type"": ""Point"", ""coordinates"": [12.73922985921581, 55.997172893888155]}";55.9971728939,12.7392298592
Skolrestauranger;Rönnbäcksskolan;Romares Väg 14C;https://ronnbacksskolan.helsingborg.se/;Skol- och förskolekök;2020-07-16;"{""type"": ""Point"", ""coordinates"": [12.6940857281909, 56.066017103070784]}";56.0660171031,12.6940857282
Skolrestauranger;Salladsgatans Förskola;Salladsgatan 4;https://salladsgatansforskola.helsingborg.se/;Skol- och förskolekök;2020-07-16;"{""type"": ""Point"", ""coordinates"": [12.80577353550537, 56.006276980654214]}";56.0062769807,12.8057735355
Skolrestauranger;Skogsgläntans Förskola;Tygelvägen 5;https://skogsglantansforskola.helsingborg.se/;Skol- och förskolekök;2020-07-16;"{""type"": ""Point"", ""coordinates"": [12.657760899426803, 56.0998134503513]}";56.0998134504,12.6577608994
Skolrestauranger;Sofiero Montessoriförskola;Sulkyvägen 10;https://www.pysslingen.se/sofieromontessori/;Skol- och förskolekök;2020-07-16;"{""type"": ""Point"", ""coordinates"": [12.659985490505065, 56.09045115457968]}";56.0904511546,12.6599854905
Skolrestauranger;Sundsgårdens Folkhögskola;Örbyvägen 10;http://sundsgarden.se/pages/hem;Skol- och förskolekök;2020-07-16;"{""type"": ""Point"", ""coordinates"": [12.75798587683632, 55.98736005261775]}";55.9873600526,12.7579858768
Skolrestauranger;Svensgårdsskolan;Katedergatan 2;https://svensgardsskolan.helsingborg.se/;Skol- och förskolekök;2020-07-16;"{""type"": ""Point"", ""coordinates"": [12.75334616908792, 56.103300538273544]}";56.1033005383,12.7533461691
Skolrestauranger;Tornerhjelms Förskola;Gustav Adolfs Gata 34;https://tornerhjelmsforskola.helsingborg.se/;Skol- och förskolekök;2020-07-16;"{""type"": ""Point"", ""coordinates"": [12.709298218220766, 56.036472183513204]}";56.0364721835,12.7092982182
Skolrestauranger;Traktörsgatans Förskola Solen;Traktörsgatan 26;https://traktorsgatansforskola.helsingborg.se/;Skol- och förskolekök;2020-07-16;"{""type"": ""Point"", ""coordinates"": [12.715715837258493, 56.039705476381705]}";56.0397054764,12.7157158373
Skolrestauranger;Tycho Braheskola;Studievägen 4;https://tychobraheskolan.helsingborg.se/;Skol- och förskolekök;2020-07-16;"{""type"": ""Point"", ""coordinates"": [12.712036474757992, 56.04665125001073]}";56.04665125,12.7120364748
Skolrestauranger;Veingegatans Förskola;Veingegatan 7;https://veingegatansforskola.helsingborg.se/;Skol- och förskolekök;2020-07-16;"{""type"": ""Point"", ""coordinates"": [12.721867439944315, 56.04355826152242]}";56.0435582615,12.7218674399
Skolrestauranger;Wieselgrensskolan;Furutorpsgatan 85;https://wieselgrensskolan.helsingborg.se/;Skol- och förskolekök;2020-07-16;"{""type"": ""Point"", ""coordinates"": [12.719062063871416, 56.041130712945055]}";56.0411307129,12.7190620639
Skolrestauranger;Västra Alléförskolan;Västra Allén 15;https://www.pysslingen.se/vastraalle/;Skol- och förskolekök;2020-07-16;"{""type"": ""Point"", ""coordinates"": [12.683685405108976, 56.07973424131451]}";56.0797342413,12.6836854051
Skolrestauranger;Västra Berga Skola;Kadettgatan 38;https://vastrabergaskola.helsingborg.se/;Skol- och förskolekök;2020-07-16;"{""type"": ""Point"", ""coordinates"": [12.707918201367642, 56.07320005853946]}";56.0732000585,12.7079182014
Skolrestauranger;Åhusgatans Förskola;Åhusgatan 1A;https://ahusgatansforskola.helsingborg.se/;Skol- och förskolekök;2020-07-16;"{""type"": ""Point"", ""coordinates"": [12.717288999040761, 56.04176484315992]}";56.0417648432,12.717288999
Skolrestauranger;Ättekullaskolan;Ättekullagatan 28;https://attekullaskolan.helsingborg.se/;Skol- och förskolekök;2020-07-16;"{""type"": ""Point"", ""coordinates"": [12.75833348522477, 56.01016438361639]}";56.0101643836,12.7583334852
Skolrestauranger;Ödåkra Lek & Lär Förskola;Frostgatan 112A;http://odakralekochlar.norlandiaforskolor.se/;Skol- och förskolekök;2020-07-16;"{""type"": ""Point"", ""coordinates"": [12.759731442672125, 56.105408371207815]}";56.1054083712,12.7597314427
Snabbmat;Burger King Väla;Ekslingan 9;;Snabbmat;2020-07-16;"{""type"": ""Point"", ""coordinates"": [12.746989896724921, 56.08953444085904]}";56.0895344409,12.7469898967
Snabbmat;Drugstore;Norra Kyrkogatan 8;;Snabbmat;2020-07-16;"{""type"": ""Point"", ""coordinates"": [12.694872380453372, 56.04625307570559]}";56.0462530757,12.6948723805
Snabbmat;Fastfood Corner, Tlb 483;Bunkalundsvägen 2;http://fastfoodcorner.se/;Snabbmat;2020-07-16;"{""type"": ""Point"", ""coordinates"": [12.767016213562906, 56.01032567501577]}";56.010325675,12.7670162136
Snabbmat;Gula Kiosken, Günals Pizzeria;Jönköpingsgatan 37;;Snabbmat;2020-07-16;"{""type"": ""Point"", ""coordinates"": [12.722529650218753, 56.04387645906825]}";56.0438764591,12.7225296502
Snabbmat;La Maria;Mariehällsvägen 20;http://pizzerialamaria.se/;Snabbmat;2020-07-16;"{""type"": ""Point"", ""coordinates"": [12.69652837251542, 56.081736447749634]}";56.0817364477,12.6965283725
Snabbmat;Matmaster;Ekslingan 9;https://matmaster-vala-helsingborg.business.site/;Snabbmat;2020-07-16;"{""type"": ""Point"", ""coordinates"": [12.746989896724921, 56.08953444085904]}";56.0895344409,12.7469898967
Snabbmat;Max Helsingborg City;Södergatan 15;;Snabbmat;2020-07-16;"{""type"": ""Point"", ""coordinates"": [12.702245291482113, 56.040519529695935]}";56.0405195297,12.7022452915
Snabbmat;McDonalds Stattena;Ängelholmsvägen 8;;Snabbmat;2020-07-16;"{""type"": ""Point"", ""coordinates"": [12.705076075220946, 56.05821877542116]}";56.0582187754,12.7050760752
Snabbmat;Olympiagrillen;S:t Peders Gata 2;https://fredriksdal.se/olympiagrillen/;Snabbmat;2020-07-16;"{""type"": ""Point"", ""coordinates"": [12.701395895864465, 56.05003752579183]}";56.0500375258,12.7013958959
Snabbmat;Pastamannen Day 571;Bergavägen 4;;Snabbmat;2020-07-16;"{""type"": ""Point"", ""coordinates"": [12.719208458073384, 56.07041735477989]}";56.0704173548,12.7192084581
Snabbmat;Pastastationen;Kungstorget 8;;Snabbmat;2020-07-16;"{""type"": ""Point"", ""coordinates"": [12.693987120681944, 56.04446574801523]}";56.044465748,12.6939871207
Snabbmat;Rydebäcks Strandkiosk - Rosa Kiosken;Ytterövägen 171;;Snabbmat;2020-07-16;"{""type"": ""Point"", ""coordinates"": [12.758829926269101, 55.967477595852166]}";55.9674775959,12.7588299263
Snabbmat;Torino Pizzeria;Rektorsgatan 11B;;Snabbmat;2020-07-16;"{""type"": ""Point"", ""coordinates"": [12.70204287660896, 56.05450174042607]}";56.0545017404,12.7020428766
Vårdverksamheter;Matomsorg Kungshult;Patronens Väg 65C;https://vardochomsorg.helsingborg.se/senior/maltid;Vårdverksamheter;2020-07-16;"{""type"": ""Point"", ""coordinates"": [12.68737875960623, 56.08925539155028]}";56.0892553916,12.6873787596
Vårdverksamheter;Söders Lunchcafé;Nedre Holländaregatan 24;;Vårdverksamheter;2020-07-16;"{""type"": ""Point"", ""coordinates"": [12.704690400775299, 56.04029723761268]}";56.0402972376,12.7046904008
Vårdverksamheter;Träffpunkt Tågaborg;Tågagatan 32;;Vårdverksamheter;2020-07-16;"{""type"": ""Point"", ""coordinates"": [12.689884434526578, 56.055165544250364]}";56.0551655443,12.6898844345
Vårdverksamheter;Vb Elinebo;Domaregatan 14;;Vårdverksamheter;2020-07-16;"{""type"": ""Point"", ""coordinates"": [12.729716276700406, 56.02545534990283]}";56.0254553499,12.7297162767
Caféer;Aldas Konditori & Café;Rektorsgatan 11B;http://www.aldas.se/;Caféer;2020-07-16;"{""type"": ""Point"", ""coordinates"": [12.70204287660896, 56.05450174042607]}";56.0545017404,12.7020428766
Caféer;Allerums Församlingshem;Allerums Kyrkväg 3;;Caféer;2020-07-16;"{""type"": ""Point"", ""coordinates"": [12.690831510568461, 56.108742336768174]}";56.1087423368,12.6908315106
Caféer;Brutale;Drottninggatan 20;https://brutale.se/;Caféer;2020-07-16;"{""type"": ""Point"", ""coordinates"": [12.691735810363763, 56.04776523996298]}";56.04776524,12.6917358104
Caféer;Café Vira;Rydebäcks Stationsgata 21C;;Caféer;2020-07-16;"{""type"": ""Point"", ""coordinates"": [12.779960031792717, 55.96670168541562]}";55.9667016854,12.7799600318
Caféer;Christians Fiskebod;Seglarevägen 1;;Caféer;2020-07-16;"{""type"": ""Point"", ""coordinates"": [12.604464505753311, 56.117826721542826]}";56.1178267215,12.6044645058
Caféer;Ebbas Fik;Bruksgatan 20;http://www.ebbasfik.se/;Caféer;2020-07-16;"{""type"": ""Point"", ""coordinates"": [12.696397085079484, 56.04501145276864]}";56.0450114528,12.6963970851
Caféer;Espresso House Kungstorget;Kungstorget 8;;Caféer;2020-07-16;"{""type"": ""Point"", ""coordinates"": [12.693987120681944, 56.04446574801523]}";56.044465748,12.6939871207
Caféer;Framtid;Grustagsgatan 2;http://www.framtid-hbg.se/;Caféer;2020-07-16;"{""type"": ""Point"", ""coordinates"": [12.748034566464494, 56.067072331335154]}";56.0670723313,12.7480345665
Caféer;Gröningens Strandkiosk;Gröningen Norra 7;;Caféer;2020-07-16;"{""type"": ""Point"", ""coordinates"": [12.682575238651618, 56.05526943658589]}";56.0552694366,12.6825752387
Caféer;Kafeteria;Hortensiagatan 8;;Caféer;2020-07-16;"{""type"": ""Point"", ""coordinates"": [12.759383825472296, 56.029805681373674]}";56.0298056814,12.7593838255
Caféer;Kattarps Församlingshem;Östrabyvägen 10;;Caféer;2020-07-16;"{""type"": ""Point"", ""coordinates"": [12.790731761345466, 56.14273255126932]}";56.1427325513,12.7907317613
Caféer;Mörarps Församlingshem;Brandmansgatan 3;;Caféer;2020-07-16;"{""type"": ""Point"", ""coordinates"": [12.877857608142937, 56.05868797169716]}";56.0586879717,12.8778576081
Caféer;Naked Juicebar Väla;Marknadsvägen 9;https://www.nakedjuicebar.se/;Caféer;2020-07-16;"{""type"": ""Point"", ""coordinates"": [12.75681637540675, 56.09205529999136]}";56.0920553,12.7568163754
Caféer;Nordic Wellness Lilla Garnisonsgatan;Lilla Garnisonsgatan 37;;Caféer;2020-07-16;"{""type"": ""Point"", ""coordinates"": [12.73131546322072, 56.07940091855093]}";56.0794009186,12.7313154632
Caféer;Nordic Wellness Ramlösa Hortensiagatan;Hortensiagatan 8;;Caféer;2020-07-16;"{""type"": ""Point"", ""coordinates"": [12.759383825472296, 56.029805681373674]}";56.0298056814,12.7593838255
Caféer;Pålsjöpaviljongen;Dag Hammarskjölds Väg 2;http://paviljongen.com/;Caféer;2020-07-16;"{""type"": ""Point"", ""coordinates"": [12.67995329538771, 56.06456395957941]}";56.0645639596,12.6799532954
Personalrestauranger;Frimurarhuset Hbg;Stortorget 4;;Personalrestauranger;2020-07-16;"{""type"": ""Point"", ""coordinates"": [12.69399663970535, 56.04625661005654]}";56.0462566101,12.6939966397
Personalrestauranger;Ikea Personalrestaurang, Köket;Sjögatan 1;;Personalrestauranger;2020-07-16;"{""type"": ""Point"", ""coordinates"": [12.696722831369208, 56.03836191995737]}";56.03836192,12.6967228314
Personalrestauranger;Mcneils Personalmatsal;Norrbroplatsen 2;;Personalrestauranger;2020-07-16;"{""type"": ""Point"", ""coordinates"": [12.703007164737498, 56.05562657514958]}";56.0556265751,12.7030071647
Personalrestauranger;Solanis Personalmatsal;Högastensgatan 18;;Personalrestauranger;2020-07-16;"{""type"": ""Point"", ""coordinates"": [12.722829361041539, 56.00623012934139]}";56.0062301293,12.722829361
Restauranger;Bar & Café Markelius / Konserthuset;Roskildegatan 1;;Restauranger;2020-07-16;"{""type"": ""Point"", ""coordinates"": [12.688965010691813, 56.0493799641949]}";56.0493799642,12.6889650107
Restauranger;Cajsas Catering;Kalmargatan 35;http://www.cajsascatering.se/;Restauranger;2020-07-16;"{""type"": ""Point"", ""coordinates"": [12.729397360613186, 56.03882525732055]}";56.0388252573,12.7293973606
Restauranger;Dunker Bar & Matsalar;Kungsgatan 11;;Restauranger;2020-07-16;"{""type"": ""Point"", ""coordinates"": [12.689057956603742, 56.047789975478416]}";56.0477899755,12.6890579566
Restauranger;Elinebergs Pizzeria;Elinebergsplatsen 5;;Restauranger;2020-07-16;"{""type"": ""Point"", ""coordinates"": [12.72566539179882, 56.02842842311777]}";56.0284284231,12.7256653918
Restauranger;G & Co;Marknadsvägen 9;;Restauranger;2020-07-16;"{""type"": ""Point"", ""coordinates"": [12.75681637540675, 56.09205529999136]}";56.0920553,12.7568163754
Restauranger;Hotell Kärnan I Helsingborg;Järnvägsgatan 17;;Restauranger;2020-07-16;"{""type"": ""Point"", ""coordinates"": [12.695429951476283, 56.04417930914889]}";56.0441793091,12.6954299515
Restauranger;M/s Aurora Af Helsingborg;Kungstorget 8;https://www.forsea.se/pa-farjorna/restaurang/waves;Restauranger;2020-07-16;"{""type"": ""Point"", ""coordinates"": [12.693987120681944, 56.04446574801523]}";56.044465748,12.6939871207
Restauranger;Miss Alice;Aspavägen 418;https://missalice.se/;Restauranger;2020-07-16;"{""type"": ""Point"", ""coordinates"": [12.833110809989497, 55.954587654744465]}";55.9545876547,12.83311081
Restauranger;Nils H Restaurang;Karbingatan 14;https://www.nilsh.se/;Restauranger;2020-07-16;"{""type"": ""Point"", ""coordinates"": [12.73557376934135, 56.08208466973195]}";56.0820846697,12.7355737693
Restauranger;Nya Polishuset/arrest;Berga Allé 25;;Restauranger;2020-07-16;"{""type"": ""Point"", ""coordinates"": [12.712354851375231, 56.06387921485268]}";56.0638792149,12.7123548514
Restauranger;Restaurang Asia Kock;Kungsgatan 2;http://asiakock.se/;Restauranger;2020-07-16;"{""type"": ""Point"", ""coordinates"": [12.691040592807406, 56.046001814345345]}";56.0460018143,12.6910405928
Restauranger;Restaurang Glada Änkan;Bruksgatan 29;http://www.hungarian-restaurant.com/;Restauranger;2020-07-16;"{""type"": ""Point"", ""coordinates"": [12.697495769248748, 56.043742332868945]}";56.0437423329,12.6974957692
Restauranger;Restaurang Utposten;Stortorget 17;http://www.utposten.com/;Restauranger;2020-07-16;"{""type"": ""Point"", ""coordinates"": [12.69597649635737, 56.04743817711611]}";56.0474381771,12.6959764964
Restauranger;Rödbetan Restaurang;Planteringsvägen 9;;Restauranger;2020-07-16;"{""type"": ""Point"", ""coordinates"": [12.714492090343118, 56.02581789311635]}";56.0258178931,12.7144920903
Restauranger;Sillen Och Makrillen;Gröningen Norra 1;http://www.sillenmakrillen.se/;Restauranger;2020-07-16;"{""type"": ""Point"", ""coordinates"": [12.681717209400052, 56.055285621]}";56.055285621,12.6817172094
Restauranger;Skonaren Nina;;;Restauranger;2020-07-16;"{""type"": ""Point"", ""coordinates"": [12.686498667131074, 56.049400510720055]}";56.0494005107,12.6864986671
Restauranger;Sugoi Japansk Restaurang;Kurirgatan 57;;Restauranger;2020-07-16;"{""type"": ""Point"", ""coordinates"": [12.708843425437728, 56.06351803612427]}";56.0635180361,12.7088434254
Restauranger;Tacos Y Burritos;Florettgatan 14;http://tacosyburritos.se/;Restauranger;2020-07-16;"{""type"": ""Point"", ""coordinates"": [12.723963421891199, 56.0769914138708]}";56.0769914139,12.7239634219
Restauranger;Wakarini;Drottninggatan 74;http://www.wakarini.se/;Restauranger;2020-07-16;"{""type"": ""Point"", ""coordinates"": [12.68904449847407, 56.05080353365555]}";56.0508035337,12.6890444985
Restauranger;Vietnam Bamboo Restaurang;Tågagatan 74;http://www.vietnambamboo.se/;Restauranger;2020-07-16;"{""type"": ""Point"", ""coordinates"": [12.695685150144634, 56.06075844010119]}";56.0607584401,12.6956851501
Skolrestauranger;Arenans Idrottsförskola;Mellersta Stenbocksgatan 14;https://arenansidrottsforskola.helsingborg.se/;Skol- och förskolekök;2020-07-16;"{""type"": ""Point"", ""coordinates"": [12.704840402660349, 56.05291397623651]}";56.0529139762,12.7048404027
Skolrestauranger;Dalhem Östra Förskola;Annerovägen 52;https://dalhemsforskola.helsingborg.se/;Skol- och förskolekök;2020-07-16;"{""type"": ""Point"", ""coordinates"": [12.7357060506581, 56.06731192993954]}";56.0673119299,12.7357060507
Skolrestauranger;Drottninghögsskolan Och Fritidshem;Blåkullagatan 9;https://drottninghogsskolan.helsingborg.se/;Skol- och förskolekök;2020-07-16;"{""type"": ""Point"", ""coordinates"": [12.72754781158759, 56.06285967997066]}";56.06285968,12.7275478116
Skolrestauranger;Döshults Förskola, Barnen I Döshult;Döshultsvägen 378;https://barnenidoshult.se/;Skol- och förskolekök;2020-07-16;"{""type"": ""Point"", ""coordinates"": [12.642892138565486, 56.1340844049996]}";56.134084405,12.6428921386
Skolrestauranger;Eko-kidz I Gantofta;Norra Kvistoftavägen 19;http://www.ekokidz.info/;Skol- och förskolekök;2020-07-16;"{""type"": ""Point"", ""coordinates"": [12.805120761907435, 55.988108302589396]}";55.9881083026,12.8051207619
Skolrestauranger;Elinebergsskolan Åk 4-9;Ramlösavägen 90;https://elinebergsskolan.helsingborg.se/;Skol- och förskolekök;2020-07-16;"{""type"": ""Point"", ""coordinates"": [12.725568445615385, 56.02933306269565]}";56.0293330627,12.7255684456
Skolrestauranger;Filbornaskolan Gymnasiesärskola;Filbornavägen 101A;;Skol- och förskolekök;2020-07-16;"{""type"": ""Point"", ""coordinates"": [12.73218675448558, 56.0552413038594]}";56.0552413039,12.7321867545
Skolrestauranger;Fyrklöverns Montessori;Kungsljusgatan 22;https://fyrklovernsmontessori.se/;Skol- och förskolekök;2020-07-16;"{""type"": ""Point"", ""coordinates"": [12.757200166032566, 56.03176733563975]}";56.0317673356,12.757200166
Skolrestauranger;Förskolan Utforskaren, Norlandia;Magnoliagatan 13;;Skol- och förskolekök;2020-07-16;"{""type"": ""Point"", ""coordinates"": [12.752791081502428, 56.02863311710459]}";56.0286331171,12.7527910815
Skolrestauranger;Gläntanskolan Och Hemkunskap;Merkuriusgatan 200;https://glantanskolan.helsingborg.se/;Skol- och förskolekök;2020-07-16;"{""type"": ""Point"", ""coordinates"": [12.74807044760725, 56.097760629432884]}";56.0977606294,12.7480704476
Skolrestauranger;Grodans Förskola Hippokrene;Grönkullagatan 46A;;Skol- och förskolekök;2020-07-16;"{""type"": ""Point"", ""coordinates"": [12.726045840290086, 56.062327391591886]}";56.0623273916,12.7260458403
Skolrestauranger;Guldskivlingen Familjedaghem;Timjansgatan 6;;Skol- och förskolekök;2020-07-16;"{""type"": ""Point"", ""coordinates"": [12.795062617161568, 55.9859390372359]}";55.9859390372,12.7950626172
Skolrestauranger;Humlegårdens Förskola;Lukas Gata 13;https://humlegardensforskola.helsingborg.se/;Skol- och förskolekök;2020-07-16;"{""type"": ""Point"", ""coordinates"": [12.756507065928314, 56.025705642963736]}";56.025705643,12.7565070659
Skolrestauranger;Hästskons Förskola;Skrittvägen 21;https://hastskonsforskola.helsingborg.se/;Skol- och förskolekök;2020-07-16;"{""type"": ""Point"", ""coordinates"": [12.659542005584491, 56.09390987125532]}";56.0939098713,12.6595420056
Skolrestauranger;Kunskapsskolan Helsingborg;Bergaliden 15;https://www.kunskapsskolan.se/skolor/helsingborg;Skol- och förskolekök;2020-07-16;"{""type"": ""Point"", ""coordinates"": [12.700668266269362, 56.047254938584565]}";56.0472549386,12.7006682663
Skolrestauranger;Laröds Skola;Hittarpsvägen 2;https://larodsskola.helsingborg.se/;Skol- och förskolekök;2020-07-16;"{""type"": ""Point"", ""coordinates"": [12.646941754423382, 56.095591577146955]}";56.0955915771,12.6469417544
Skolrestauranger;Montessoriskolan Kärnhuset;Starkoddersgatan 8;;Skol- och förskolekök;2020-07-16;"{""type"": ""Point"", ""coordinates"": [12.73523406204061, 56.006174985719554]}";56.0061749857,12.735234062
Skolrestauranger;Musikantens Förskola;Porlagången 29;https://musikantensforskola.helsingborg.se/;Skol- och förskolekök;2020-07-16;"{""type"": ""Point"", ""coordinates"": [12.739520023113982, 56.02084486262749]}";56.0208448626,12.7395200231
Skolrestauranger;Möllevångens Montessoriförskola;Hjälmshultsgatan 6;http://mollevangensmontessori.se/;Skol- och förskolekök;2020-07-16;"{""type"": ""Point"", ""coordinates"": [12.696608770715086, 56.05564690288816]}";56.0556469029,12.6966087707
Skolrestauranger;Nicandersgatans Förskola;Nicandersgatan 12A;https://nicandersgatansforskola.helsingborg.se/;Skol- och förskolekök;2020-07-16;"{""type"": ""Point"", ""coordinates"": [12.689552877162084, 56.055439183671254]}";56.0554391837,12.6895528772
Skolrestauranger;Nicolaiskolan;Munkavägen 9;https://nicolaiskolan.helsingborg.se/;Skol- och förskolekök;2020-07-16;"{""type"": ""Point"", ""coordinates"": [12.709227559850243, 56.04640537444536]}";56.0464053744,12.7092275599
Skolrestauranger;Nyponrosens Förskola;Wienergatan 1C;https://nyponrosensforskola.helsingborg.se/;Skol- och förskolekök;2020-07-16;"{""type"": ""Point"", ""coordinates"": [12.71059307991559, 56.02781618109576]}";56.0278161811,12.7105930799
Skolrestauranger;Olympiaskolan;Södra Stenbocksgatan 75;;Skol- och förskolekök;2020-07-16;"{""type"": ""Point"", ""coordinates"": [12.707734697776493, 56.0484300785391]}";56.0484300785,12.7077346978
Skolrestauranger;Pingvinens Förskola;Furutorpsgatan 81;http://www.pingvinenhbg.se/;Skol- och förskolekök;2020-07-16;"{""type"": ""Point"", ""coordinates"": [12.7160858651436, 56.040228141222336]}";56.0402281412,12.7160858651
Skolrestauranger;Raus Planterings Skola;Östra Tallgatan 10;https://rausplanteringsskola.helsingborg.se/;Skol- och förskolekök;2020-07-16;"{""type"": ""Point"", ""coordinates"": [12.71036972342602, 56.02465275923929]}";56.0246527592,12.7103697234
Skolrestauranger;Ringstorpsskolan;Ryttmästaregatan 2;;Skol- och förskolekök;2020-07-16;"{""type"": ""Point"", ""coordinates"": [12.702483418685256, 56.06479115838589]}";56.0647911584,12.7024834187
Skolrestauranger;Ruth Förskola Fredriksdal;Vaktgatan 3A;http://ruthforskola.hemsida24.se/;Skol- och förskolekök;2020-07-16;"{""type"": ""Point"", ""coordinates"": [12.715260929290125, 56.06201975784775]}";56.0620197578,12.7152609293
Skolrestauranger;S:t Clemens Förskola;Koralgatan 30;http://stclemensforskola.se/;Skol- och förskolekök;2020-07-16;"{""type"": ""Point"", ""coordinates"": [12.711675419466534, 56.044141954067655]}";56.0441419541,12.7116754195
Skolrestauranger;S:t Jörgens Skola Pålsgatan;Pålsgatan 8;https://stjorgensskola.helsingborg.se/;Skol- och förskolekök;2020-07-16;"{""type"": ""Point"", ""coordinates"": [12.68948051655428, 56.05210791454102]}";56.0521079145,12.6894805166
Skolrestauranger;Sally Bauerskolans Högstadium;Brytstugevägen 2;http://www.sallybauer.com/hogstadiet.html;Skol- och förskolekök;2020-07-16;"{""type"": ""Point"", ""coordinates"": [12.729816579372997, 56.05360862188248]}";56.0536086219,12.7298165794
Skolrestauranger;Slottsvångsskolan;Bergaliden 24;https://slottsvangsskolan.helsingborg.se/;Skol- och förskolekök;2020-07-16;"{""type"": ""Point"", ""coordinates"": [12.701267333705008, 56.048995034086204]}";56.0489950341,12.7012673337
Skolrestauranger;Solrosens Förskola;Skaragatan 67;https://solrosensforskola.helsingborg.se/;Skol- och förskolekök;2020-07-16;"{""type"": ""Point"", ""coordinates"": [12.727852830816579, 56.0492197615564]}";56.0492197616,12.7278528308
Skolrestauranger;Stattena Förskola;O D Krooks Gata 62;https://stattenaforskola.helsingborg.se/;Skol- och förskolekök;2020-07-16;"{""type"": ""Point"", ""coordinates"": [12.696947982021161, 56.06042708663874]}";56.0604270866,12.696947982
Skolrestauranger;Söderskolan;Magistergatan 2;https://soderskolan.helsingborg.se/;Skol- och förskolekök;2020-07-16;"{""type"": ""Point"", ""coordinates"": [12.709029180486306, 56.03916853668928]}";56.0391685367,12.7090291805
Skolrestauranger;Trollsländans Förskola;Bjäregatan 19;https://trollslandansforskola.helsingborg.se/;Skol- och förskolekök;2020-07-16;"{""type"": ""Point"", ""coordinates"": [12.70875206228631, 56.04024826305351]}";56.0402482631,12.7087520623
Skolrestauranger;Tågaborgsskolan, Skolrestaurang;Hjälmshultsgatan 17;https://tagaborgsskolan.helsingborg.se/;Skol- och förskolekök;2020-07-16;"{""type"": ""Point"", ""coordinates"": [12.696998264923643, 56.056936276319824]}";56.0569362763,12.6969982649
Skolrestauranger;Västra Berga Förskola;Volontärsgatan 15;https://vastrabergaforskola.helsingborg.se/;Skol- och förskolekök;2020-07-16;"{""type"": ""Point"", ""coordinates"": [12.707379220592685, 56.0702563568725]}";56.0702563569,12.7073792206
Skolrestauranger;Änglagårdens Förskola;Allerums Kyrkväg 3;;Skol- och förskolekök;2020-07-16;"{""type"": ""Point"", ""coordinates"": [12.690831510568461, 56.108742336768174]}";56.1087423368,12.6908315106
Skolrestauranger;Ättekulla Förskola;Bärnstensgatan 34;https://attekullaforskola.helsingborg.se/;Skol- och förskolekök;2020-07-16;"{""type"": ""Point"", ""coordinates"": [12.758000555306971, 56.01243047279308]}";56.0124304728,12.7580005553
Skolrestauranger;Ödåkra Montessoriförskola;Drivhusgatan 1;http://odakramontessori.norlandiaforskolor.se/;Skol- och förskolekök;2020-07-16;"{""type"": ""Point"", ""coordinates"": [12.743990290240307, 56.10306710978401]}";56.1030671098,12.7439902902
Snabbmat;Fast Food F&T KB (Pastavagn AOM 102);Basaltgatan 15;;Snabbmat;2020-07-16;"{""type"": ""Point"", ""coordinates"": [12.753189016148841, 56.076175500789844]}";56.0761755008,12.7531890161
Snabbmat;Fresco;Stabsgatan 1;;Snabbmat;2020-07-16;"{""type"": ""Point"", ""coordinates"": [12.734368538806516, 56.06093351620866]}";56.0609335162,12.7343685388
Snabbmat;Hotell Stadsparken;Bruksgatan 40;;Snabbmat;2020-07-16;"{""type"": ""Point"", ""coordinates"": [12.697411786713475, 56.043528060108855]}";56.0435280601,12.6974117867
Snabbmat;Max Hamburgerrestaurang I Väla Ab;Björkavägen 103;;Snabbmat;2020-07-16;"{""type"": ""Point"", ""coordinates"": [12.76484525156709, 56.092135612046086]}";56.092135612,12.7648452516
Snabbmat;Pizzeria Cleopatra;Roskildegatan 4;http://pizzeriacleopatra.com/;Snabbmat;2020-07-16;"{""type"": ""Point"", ""coordinates"": [12.689434477808515, 56.04917570798582]}";56.049175708,12.6894344778
Snabbmat;Pizzeria Istra;Elinebergsvägen 14A;http://pizzeriaistra.se/sv/;Snabbmat;2020-07-16;"{""type"": ""Point"", ""coordinates"": [12.730942610469222, 56.028608847088]}";56.0286088471,12.7309426105
Snabbmat;Rak Thai Restaurang;Järnvägsgatan 14;;Snabbmat;2020-07-16;"{""type"": ""Point"", ""coordinates"": [12.694847944248254, 56.04396839696376]}";56.043968397,12.6948479442
Snabbmat;Råå Pizzeria;Rååvägen 35A;http://www.xn--rpizzeria-52aa.se/;Snabbmat;2020-07-16;"{""type"": ""Point"", ""coordinates"": [12.739459257385962, 55.99977445126565]}";55.9997744513,12.7394592574
Snabbmat;Sydhamnsgatans Kiosk Ab Sibylla;Sydhamnsgatan 8;;Snabbmat;2020-07-16;"{""type"": ""Point"", ""coordinates"": [12.707700238916667, 56.02932472087768]}";56.0293247209,12.7077002389
Vårdverksamheter;Café Kronan/ Boendet Kronan;Grenadjärgatan 17;;Vårdverksamheter;2020-07-16;"{""type"": ""Point"", ""coordinates"": [12.708485507504609, 56.06226118535207]}";56.0622611854,12.7084855075
Vårdverksamheter;Haga matservering;Grönkullagatan 41;;Vårdverksamheter;2020-07-16;"{""type"": ""Point"", ""coordinates"": [12.724914159772833, 56.062811187086105]}";56.0628111871,12.7249141598
Vårdverksamheter;Haga Trygghetsboende;Minörgatan 8;http://www.hagatrygghet.se/sv/valkommen;Vårdverksamheter;2020-07-16;"{""type"": ""Point"", ""coordinates"": [12.726870381618344, 56.060313080239304]}";56.0603130802,12.7268703816
Vårdverksamheter;Lss Dv Öresundsboden;Karlsgatan 3;;Vårdverksamheter;2020-07-16;"{""type"": ""Point"", ""coordinates"": [12.697572590703842, 56.04490160465133]}";56.0449016047,12.6975725907
Butiker;Ica Maxi Stormarknad;Regementsvägen 7;;Butiker;2020-07-16;"{""type"": ""Point"", ""coordinates"": [12.71969055873556, 56.06538479016644]}";56.0653847902,12.7196905587
Butiker;Lw-design, Bageri Bakluckan;Ormastorps Skolväg 74;https://lwdesign.se/index.html;Butiker;2020-07-16;"{""type"": ""Point"", ""coordinates"": [12.90826851513168, 55.96870462860935]}";55.9687046286,12.9082685151
Butiker;Mors Kakeri Bageri;Allmänningsgatan 10;http://morskakeri.se/;Butiker;2020-07-16;"{""type"": ""Point"", ""coordinates"": [12.735239115931531, 56.02986250523581]}";56.0298625052,12.7352391159
Caféer;Andreasgården;Hittarpsvägen 5;;Caféer;2020-07-16;"{""type"": ""Point"", ""coordinates"": [12.647486124343379, 56.096394850138395]}";56.0963948501,12.6474861243
Caféer;Beredskapsmuseet;Djuramossavägen 162;http://www.beredskapsmuseet.com/;Caféer;2020-07-16;"{""type"": ""Point"", ""coordinates"": [12.639787766153331, 56.12881163876735]}";56.1288116388,12.6397877662
Caféer;Café Tych;Studievägen 4;https://tychobraheskolan.helsingborg.se/;Caféer;2020-07-16;"{""type"": ""Point"", ""coordinates"": [12.712036474757992, 56.04665125001073]}";56.04665125,12.7120364748
Caféer;Enkla Ting Vallåkra;Ormastorps Skolväg 41;http://www.enklating.se/;Caféer;2020-07-16;"{""type"": ""Point"", ""coordinates"": [12.91521667706432, 55.97083376039647]}";55.9708337604,12.9152166771
Caféer;Filbornaskolans Cafeteria;Filbornavägen 101A;https://filbornaskolan.helsingborg.se/;Caféer;2020-07-16;"{""type"": ""Point"", ""coordinates"": [12.73218675448558, 56.0552413038594]}";56.0552413039,12.7321867545
Caféer;Fredriksdalsteatern Helsingborg;Gisela Trapps Väg 13;https://fredriksdal.se/fredriksdalsteatern/;Caféer;2020-07-16;"{""type"": ""Point"", ""coordinates"": [12.70983481376795, 56.05749680115885]}";56.0574968012,12.7098348138
Caféer;Götahallen;Planteringsvägen 141B;http://gotatennis.se/;Caféer;2020-07-16;"{""type"": ""Point"", ""coordinates"": [12.727068251596553, 56.01395482446587]}";56.0139548245,12.7270682516
Caféer;Möllans Smörgåsbutik;Gasverksgatan 33;http://www.mollans.se/;Caféer;2020-07-16;"{""type"": ""Point"", ""coordinates"": [12.704117376930544, 56.04110951382511]}";56.0411095138,12.7041173769
Caféer;Pingstkyrkans Second Hand Söder;Carl Krooks Gata 42;https://pmu.se/secondhand/helsingborgsoder/;Caféer;2020-07-16;"{""type"": ""Point"", ""coordinates"": [12.701989840420486, 56.037834286589984]}";56.0378342866,12.7019898404
Caféer;Strandkiosken Öresund;;;Caféer;2020-07-16;"{""type"": ""Point"", ""coordinates"": [12.684636013022194, 56.05188331175532]}";56.0518833118,12.684636013
Caféer;Välluvs Församlingshem;Välluvsvägen 24;;Caféer;2020-07-16;"{""type"": ""Point"", ""coordinates"": [12.799400053835127, 56.019765911857355]}";56.0197659119,12.7994000538
Caféer;Zoégas Café & Butik;Drottninggatan 30;;Caféer;2020-07-16;"{""type"": ""Point"", ""coordinates"": [12.691299194280488, 56.048376650225705]}";56.0483766502,12.6912991943
Caféer;Ödåkra If;;https://www.laget.se/ODAKRAIF;Caféer;2020-07-16;"{""type"": ""Point"", ""coordinates"": [12.74578140954161, 56.099503317594596]}";56.0995033176,12.7457814095
Personalrestauranger;Ph Nederman Personalmatsal;Sydhamnsgatan 2;;Personalrestauranger;2020-07-16;"{""type"": ""Point"", ""coordinates"": [12.708282545042644, 56.02993375791749]}";56.0299337579,12.708282545
Personalrestauranger;Restaurang Frigo;Landskronavägen 11;;Personalrestauranger;2020-07-16;"{""type"": ""Point"", ""coordinates"": [12.734359141053435, 56.013558848457535]}";56.0135588485,12.7343591411
Personalrestauranger;Stadsbyggnadshusets Cafeteria;Järnvägsgatan 22;;Personalrestauranger;2020-07-16;"{""type"": ""Point"", ""coordinates"": [12.695715284343157, 56.043156725743]}";56.0431567257,12.6957152843
Restauranger;Barrica Mat & Vinbar;Kullagatan 47;;Restauranger;2020-07-16;"{""type"": ""Point"", ""coordinates"": [12.691134018029361, 56.049355650529954]}";56.0493556505,12.691134018
Restauranger;Brenteganis;Tångavägen 117;http://www.brentegani.se/;Restauranger;2020-07-16;"{""type"": ""Point"", ""coordinates"": [12.775702701240311, 56.20457196102404]}";56.204571961,12.7757027012
Restauranger;Comfort Hotel Nouveau/rest Entré;Gasverksgatan 11;;Restauranger;2020-07-16;"{""type"": ""Point"", ""coordinates"": [12.699856747772001, 56.04098898207203]}";56.0409889821,12.6998567478
Restauranger;De Hemlösas Hus;Västra Sandgatan 15;https://www.hemlosashus.se/;Restauranger;2020-07-16;"{""type"": ""Point"", ""coordinates"": [12.709029292936583, 56.03159363684635]}";56.0315936368,12.7090292929
Restauranger;Greenhouse;Garnisonsgatan 7B;;Restauranger;2020-07-16;"{""type"": ""Point"", ""coordinates"": [12.723563382599982, 56.07228469421718]}";56.0722846942,12.7235633826
Restauranger;Kriminalvården Häktet Helsingborg;Berga Allé 21;;Restauranger;2020-07-16;"{""type"": ""Point"", ""coordinates"": [12.713993891830675, 56.06462180472553]}";56.0646218047,12.7139938918
Restauranger;Kyoto Sushi Restaurang;Prästgatan 6;http://www.kyotosushi.se/;Restauranger;2020-07-16;"{""type"": ""Point"", ""coordinates"": [12.69648388654344, 56.044006005041126]}";56.044006005,12.6964838865
Restauranger;Linnéaträdgården;Mariehällsvägen 100;https://linneatradgarden.se/;Restauranger;2020-07-16;"{""type"": ""Point"", ""coordinates"": [12.685558415036372, 56.083182395084485]}";56.0831823951,12.685558415
Restauranger;Majesty;Norra Kyrkogatan 10;;Restauranger;2020-07-16;"{""type"": ""Point"", ""coordinates"": [12.695157540481446, 56.04632860305953]}";56.0463286031,12.6951575405
Restauranger;Pub Norrbro;Norrbroplatsen 7;https://www.norrbropub.se/;Restauranger;2020-07-16;"{""type"": ""Point"", ""coordinates"": [12.701670458827001, 56.05626363204377]}";56.056263632,12.7016704588
Restauranger;Restaurang Chateau Foret;Södra Storgatan 19A;http://chforet.se/;Restauranger;2020-07-16;"{""type"": ""Point"", ""coordinates"": [12.698532952029444, 56.045788708534154]}";56.0457887085,12.698532952
Restauranger;Restaurang Edelweiss;Drottninggatan 15;http://www.restaurangedelweiss.se/;Restauranger;2020-07-16;"{""type"": ""Point"", ""coordinates"": [12.69010869439057, 56.048963363177144]}";56.0489633632,12.6901086944
Restauranger;Restaurang Hermes Amica 8258;Rönnowsgatan 8A;;Restauranger;2020-07-16;"{""type"": ""Point"", ""coordinates"": [12.699860979343672, 56.037817158849016]}";56.0378171588,12.6998609793
Restauranger;Rydebäcks Rum & Frukost O Stuguthyr;Klostervägen 90;http://www.rydebackstorpet.se/;Restauranger;2020-07-16;"{""type"": ""Point"", ""coordinates"": [12.785025786358126, 55.95876255722941]}";55.9587625572,12.7850257864
Restauranger;Tigris Kvarterskrog;Wienergatan 2;;Restauranger;2020-07-16;"{""type"": ""Point"", ""coordinates"": [12.710918662041118, 56.02809638905406]}";56.0280963891,12.710918662
Restauranger;Vegeriet;Järnvägsgatan 25;https://vegeriet.se/;Restauranger;2020-07-16;"{""type"": ""Point"", ""coordinates"": [12.696182028339033, 56.04346859097535]}";56.043468591,12.6961820283
Skolrestauranger;Adolfina Förskola;Södra Hunnetorpsvägen 50;https://adolfinaforskola.helsingborg.se/;Skol- och förskolekök;2020-07-16;"{""type"": ""Point"", ""coordinates"": [12.745872811255817, 56.04584645879379]}";56.0458464588,12.7458728113
Skolrestauranger;Brunnsparksskolan Björkdungen;Kummelgatan 324;;Skol- och förskolekök;2020-07-16;"{""type"": ""Point"", ""coordinates"": [12.739778539561023, 56.017975364969935]}";56.017975365,12.7397785396
Skolrestauranger;Bårslövs Skola;Snödroppegatan 2;https://barslovsskola.helsingborg.se/;Skol- och förskolekök;2020-07-16;"{""type"": ""Point"", ""coordinates"": [12.806810804279204, 56.008670407683965]}";56.0086704077,12.8068108043
Skolrestauranger;Dalhem Västra Förskola;Annerovägen 43;https://dalhemsforskola.helsingborg.se/;Skol- och förskolekök;2020-07-16;"{""type"": ""Point"", ""coordinates"": [12.734734995825907, 56.067769361954866]}";56.067769362,12.7347349958
Skolrestauranger;Framtidens Förskola Ekokidz Tinkarpsgård;Dag Hammarskjölds Väg 230;http://www.ekokidz.info/;Skol- och förskolekök;2020-07-16;"{""type"": ""Point"", ""coordinates"": [12.666146845485644, 56.078226602230764]}";56.0782266022,12.6661468455
Skolrestauranger;Fredriksdals Förskola (linnégårdens Fsk);Larmvägen 37;;Skol- och förskolekök;2020-07-16;"{""type"": ""Point"", ""coordinates"": [12.719295188051547, 56.056983125978824]}";56.056983126,12.7192951881
Skolrestauranger;Fridas Förskola;Fridas Gata 82;https://fridasforskola.helsingborg.se/;Skol- och förskolekök;2020-07-16;"{""type"": ""Point"", ""coordinates"": [12.757589829188138, 56.02400425005849]}";56.0240042501,12.7575898292
Skolrestauranger;Förskolan Pinocchio;Olympiavägen 9;https://forskolanpinocchio.se/;Skol- och förskolekök;2020-07-16;"{""type"": ""Point"", ""coordinates"": [12.705164273054125, 56.048059782534025]}";56.0480597825,12.7051642731
Skolrestauranger;Gantofta Skola;Östra Läraregatan 1;https://gantoftaskola.helsingborg.se/;Skol- och förskolekök;2020-07-16;"{""type"": ""Point"", ""coordinates"": [12.802372734265619, 55.98708494021834]}";55.9870849402,12.8023727343
Skolrestauranger;Gustavslundsskolan;Mangårdsgatan 70;https://gustavslundsskolan.helsingborg.se/;Skol- och förskolekök;2020-07-16;"{""type"": ""Point"", ""coordinates"": [12.75579636430886, 56.038587313463424]}";56.0385873135,12.7557963643
Skolrestauranger;Helsingborgs Montessoriskola;Östra Allén 15;;Skol- och förskolekök;2020-07-16;"{""type"": ""Point"", ""coordinates"": [12.688989853427442, 56.08051644817951]}";56.0805164482,12.6889898534
Skolrestauranger;Helsingborgs Ridhus Skolmatsal;Depågatan 128;http://www.hfrk.nu/sida/?ID=240293;Skol- och förskolekök;2020-07-16;"{""type"": ""Point"", ""coordinates"": [12.765425419230764, 56.06409505930422]}";56.0640950593,12.7654254192
Skolrestauranger;Holstagårdsskolan;Gummarpsvägen 7;https://holstagardsskolan.helsingborg.se/;Skol- och förskolekök;2020-07-16;"{""type"": ""Point"", ""coordinates"": [12.653866817102195, 56.09817521397151]}";56.098175214,12.6538668171
Skolrestauranger;Kaprifolgatans Förskola;Kaprifolgatan 75;https://kaprifolgatansforskola.helsingborg.se/;Skol- och förskolekök;2020-07-16;"{""type"": ""Point"", ""coordinates"": [12.797667205250505, 56.01071602516078]}";56.0107160252,12.7976672053
Skolrestauranger;Kattarps Skola;Hasslarpsvägen 2;https://kattarpsskola.helsingborg.se/;Skol- och förskolekök;2020-07-16;"{""type"": ""Point"", ""coordinates"": [12.79048681020716, 56.141178314372695]}";56.1411783144,12.7904868102
Skolrestauranger;Lussebäckens Montessoriförskola;Brunnbäcksgatan 15A;https://lussebackensforskola.helsingborg.se/;Skol- och förskolekök;2020-07-16;"{""type"": ""Point"", ""coordinates"": [12.726185967872956, 56.0193443620355]}";56.019344362,12.7261859679
Skolrestauranger;Maria Parkskolan Västra;Västra Allén 7;https://mariaparkskolan.helsingborg.se/;Skol- och förskolekök;2020-07-16;"{""type"": ""Point"", ""coordinates"": [12.684453804672362, 56.08102835514898]}";56.0810283551,12.6844538047
Skolrestauranger;Mörarps skola;Brandmansgatan 2;https://morarpsskola.helsingborg.se/;Skol- och förskolekök;2020-07-16;"{""type"": ""Point"", ""coordinates"": [12.875870737906306, 56.058324897508975]}";56.0583248975,12.8758707379
Skolrestauranger;Nallens Förskola;Tryckerigatan 27A;https://nallensforskola.helsingborg.se/;Skol- och förskolekök;2020-07-16;"{""type"": ""Point"", ""coordinates"": [12.712056028913633, 56.025541414931574]}";56.0255414149,12.7120560289
Skolrestauranger;Pinjens Förskola;Tryckerigatan 8;https://pinjensforskola.helsingborg.se/;Skol- och förskolekök;2020-07-16;"{""type"": ""Point"", ""coordinates"": [12.710910561981791, 56.02632633639492]}";56.0263263364,12.710910562
Skolrestauranger;Procivitas Privata Gymnasium Ab;Billeplatsen 1;https://www.procivitas.se/;Skol- och förskolekök;2020-07-16;"{""type"": ""Point"", ""coordinates"": [12.696545204082286, 56.04684639114772]}";56.0468463911,12.6965452041
Skolrestauranger;Påarps Skola (1190);Mullbärsgatan 8;https://paarpsskola.helsingborg.se/;Skol- och förskolekök;2020-07-16;"{""type"": ""Point"", ""coordinates"": [12.812070319980553, 56.030580193932174]}";56.0305801939,12.81207032
Skolrestauranger;Pålsjö Skogs Förskola;Romares Väg 1;https://www.palsjoskogsforskola.se/;Skol- och förskolekök;2020-07-16;"{""type"": ""Point"", ""coordinates"": [12.692453010500488, 56.064902918410674]}";56.0649029184,12.6924530105
Skolrestauranger;Raketens Förskola Pers-kooperativ;Veckogatan 77;;Skol- och förskolekök;2020-07-16;"{""type"": ""Point"", ""coordinates"": [12.747657416527012, 56.04029280592319]}";56.0402928059,12.7476574165
Skolrestauranger;Rosenknoppens Förskola;Östra Fridhemsgatan 2;https://rosenknoppensforskola.helsingborg.se/;Skol- och förskolekök;2020-07-16;"{""type"": ""Point"", ""coordinates"": [12.71171159688438, 56.0271008596939]}";56.0271008597,12.7117115969
Skolrestauranger;Rydebäcks Förskola Svanögatan;Svanögatan 52;http://www.rydebacksforskola.se/;Skol- och förskolekök;2020-07-16;"{""type"": ""Point"", ""coordinates"": [12.762692705412155, 55.970226088279034]}";55.9702260883,12.7626927054
Skolrestauranger;Rydebäcksskolan;Storövägen 51;https://rydebacksskolan.helsingborg.se/;Skol- och förskolekök;2020-07-16;"{""type"": ""Point"", ""coordinates"": [12.773309844611722, 55.96678281678375]}";55.9667828168,12.7733098446
Skolrestauranger;Rydebäcksskolan Ängesögatan;Ängesögatan 15;https://rydebacksskolan.helsingborg.se/;Skol- och förskolekök;2020-07-16;"{""type"": ""Point"", ""coordinates"": [12.781677804856352, 55.96504661483495]}";55.9650466148,12.7816778049
Skolrestauranger;Rönnowska Skolan / Orienten;Västra Sandgatan 4;https://ronnowskaskolan.helsingborg.se/;Skol- och förskolekök;2020-07-16;"{""type"": ""Point"", ""coordinates"": [12.703861165435772, 56.03140122369858]}";56.0314012237,12.7038611654
Skolrestauranger;Snöbollsgatans Förskola;Snöbollsgatan 8;https://snobollsgatansforskola.helsingborg.se/;Skol- och förskolekök;2020-07-16;"{""type"": ""Point"", ""coordinates"": [12.76036855748094, 56.10124197847832]}";56.1012419785,12.7603685575
Skolrestauranger;Waldorfförskolan Tusenskönan;Gravörgatan 14;;Skol- och förskolekök;2020-07-16;"{""type"": ""Point"", ""coordinates"": [12.754555482420908, 56.018760679505746]}";56.0187606795,12.7545554824
Skolrestauranger;Vasalundsskolan;Bror Engkvists Gata 31;;Skol- och förskolekök;2020-07-16;"{""type"": ""Point"", ""coordinates"": [12.745559419950734, 56.06207375355182]}";56.0620737536,12.74555942
Skolrestauranger;Vindögatans Förskola;Vindögatan 82;https://vindogatansforskola.helsingborg.se/;Skol- och förskolekök;2020-07-16;"{""type"": ""Point"", ""coordinates"": [12.76951187797836, 55.96174679707253]}";55.9617467971,12.769511878
Skolrestauranger;Västra Ramlösa Skola;Södra Hunnetorpsvägen 213;https://vastraramlosaskola.helsingborg.se/;Skol- och förskolekök;2020-07-16;"{""type"": ""Point"", ""coordinates"": [12.740597022079797, 56.03329184884769]}";56.0332918488,12.7405970221
Skolrestauranger;Äppelgårdens Förskola;Södra Hunnetorpsvägen 45;https://appelgardensforskola.helsingborg.se/;Skol- och förskolekök;2020-07-16;"{""type"": ""Point"", ""coordinates"": [12.747672391777206, 56.04650181696104]}";56.046501817,12.7476723918
Snabbmat;Baris Langos;Södra Hunnetorpsvägen 90B;;Snabbmat;2020-07-16;"{""type"": ""Point"", ""coordinates"": [12.743414483223608, 56.04375006521388]}";56.0437500652,12.7434144832
Snabbmat;Bikten;Mariagatan 10;;Snabbmat;2020-07-16;"{""type"": ""Point"", ""coordinates"": [12.695910649640703, 56.04596321850742]}";56.0459632185,12.6959106496
Snabbmat;Bårslövs Pizzeria Ster Haci Hb;Snödroppegatan 1;http://barslovspizzeria.se/;Snabbmat;2020-07-16;"{""type"": ""Point"", ""coordinates"": [12.809005649670384, 56.00870266259931]}";56.0087026626,12.8090056497
Snabbmat;Gantofta Pizzeria & Restaurang;Norra Kvistoftavägen 19;http://www.pizzeriagantofta.se/;Snabbmat;2020-07-16;"{""type"": ""Point"", ""coordinates"": [12.805120761907435, 55.988108302589396]}";55.9881083026,12.8051207619
Snabbmat;Helsingburger;Florettgatan 4;https://www.helsingburger.se/;Snabbmat;2020-07-16;"{""type"": ""Point"", ""coordinates"": [12.714491603319631, 56.07583563704819]}";56.075835637,12.7144916033
Snabbmat;McDonalds Rusthållsgatan;Rusthållsgatan 53;;Snabbmat;2020-07-16;"{""type"": ""Point"", ""coordinates"": [12.761076748759217, 56.01679131393566]}";56.0167913139,12.7610767488
Snabbmat;McDonalds Väla C;Marknadsvägen 9;;Snabbmat;2020-07-16;"{""type"": ""Point"", ""coordinates"": [12.75681637540675, 56.09205529999136]}";56.0920553,12.7568163754
Snabbmat;Pastavagnen I Hgb Rrd 661;Garnisonsgatan 4;;Snabbmat;2020-07-16;"{""type"": ""Point"", ""coordinates"": [12.721663613791218, 56.06960063661302]}";56.0696006366,12.7216636138
Snabbmat;Pizzeria Babylon;Gasverksgatan 49;http://babylonhelsingborg.se/;Snabbmat;2020-07-16;"{""type"": ""Point"", ""coordinates"": [12.7099796444082, 56.03971748340103]}";56.0397174834,12.7099796444
Snabbmat;Rydebäcks Pizzeria;Frösögatan 7;http://www.rydebackspizzeria.se/;Snabbmat;2020-07-16;"{""type"": ""Point"", ""coordinates"": [12.775026826498058, 55.96628954036769]}";55.9662895404,12.7750268265
Snabbmat;Swedish Diner;Drottninghögsvägen 5;http://www.swedishdiner.se/;Snabbmat;2020-07-16;"{""type"": ""Point"", ""coordinates"": [12.723528884869424, 56.067167575438496]}";56.0671675754,12.7235288849
Vårdverksamheter;Lss Daglig Verksamhet Omtumlaren;Malmögatan 25C;;Vårdverksamheter;2020-07-16;"{""type"": ""Point"", ""coordinates"": [12.71662459370731, 56.04493723111286]}";56.0449372311,12.7166245937
Vårdverksamheter;Åbräddens Äldreboende;Garverigatan 4;;Vårdverksamheter;2020-07-16;"{""type"": ""Point"", ""coordinates"": [12.747837787565546, 56.00034077273051]}";56.0003407727,12.7478377876
